{
  "hash": "09498569",
  "configHash": "8ba3e383",
  "lockfileHash": "5b85eaef",
  "browserHash": "9ad07958",
  "optimized": {
    "@angular/core": {
      "src": "../../../../../node_modules/@angular/core/fesm2022/core.mjs",
      "file": "@angular_core.js",
      "fileHash": "58fd7768",
      "needsInterop": false
    },
    "@angular/forms": {
      "src": "../../../../../node_modules/@angular/forms/fesm2022/forms.mjs",
      "file": "@angular_forms.js",
      "fileHash": "783507a8",
      "needsInterop": false
    },
    "@angular/platform-browser": {
      "src": "../../../../../node_modules/@angular/platform-browser/fesm2022/platform-browser.mjs",
      "file": "@angular_platform-browser.js",
      "fileHash": "874b2ea6",
      "needsInterop": false
    },
    "@angular/router": {
      "src": "../../../../../node_modules/@angular/router/fesm2022/router.mjs",
      "file": "@angular_router.js",
      "fileHash": "f6093c34",
      "needsInterop": false
    },
    "@angular/common": {
      "src": "../../../../../node_modules/@angular/common/fesm2022/common.mjs",
      "file": "@angular_common.js",
      "fileHash": "0daa47f8",
      "needsInterop": false
    }
  },
  "chunks": {
    "chunk-D2CBZPU7": {
      "file": "chunk-D2CBZPU7.js"
    },
    "chunk-33UENKCN": {
      "file": "chunk-33UENKCN.js"
    },
    "chunk-T4EO7UJD": {
      "file": "chunk-T4EO7UJD.js"
    }
  }
}